﻿"Key","Item Type","Publication Year","Author","Title","Publication Title","ISBN","ISSN","DOI","Url","Abstract Note","Date","Date Added","Date Modified","Access Date","Pages","Num Pages","Issue","Volume","Number Of Volumes","Journal Abbreviation","Short Title","Series","Series Number","Series Text","Series Title","Publisher","Place","Language","Rights","Type","Archive","Archive Location","Library Catalog","Call Number","Extra","Notes","File Attachments","Link Attachments","Manual Tags","Automatic Tags","Editor","Series Editor","Translator","Contributor","Attorney Agent","Book Author","Cast Member","Commenter","Composer","Cosponsor","Counsel","Interviewer","Producer","Recipient","Reviewed Author","Scriptwriter","Words By","Guest","Number","Edition","Running Time","Scale","Medium","Artwork Size","Filing Date","Application Number","Assignee","Issuing Authority","Country","Meeting Name","Conference Name","Court","References","Reporter","Legal Status","Priority Numbers","Programming Language","Version","System","Code","Code Number","Section","Session","Committee","History","Legislative Body"
"7K8DW8SU","journalArticle","2024","Tian, Xinguang","Analysis of Soccer Robot Localization Based on UKF Sampling and Sobel Operator","IEEE Access","","","10.1109/ACCESS.2024.3434514","","","2024","2024-12-18 11:50:43","2024-12-18 11:50:43","","106951-106962","","","12","","","","","","","","","","","","","","","","","","","","","Cameras; Robots; Calibration; convolutional factor; feature extraction; global positioning; Global Positioning System; Image edge detection; median filtering; Robot kinematics; Robot vision systems; Sports; Visual calibration; Visualization","","","","","","","","","","","","","","","","","","","","","","","","","","","","","","","","","","","","","","","","","","","","","","",""
"WWGI99L6","journalArticle","2024","Zhao, Yibing; Liang, Yuhe; Ma, Zhenqiang; Guo, Lie; Zhang, Hexin","Localization and Mapping Algorithm Based on Lidar-IMU-Camera Fusion","Journal of Intelligent and Connected Vehicles","","","10.26599/JICV.2023.9210027","","","2024","2024-12-18 11:50:43","2024-12-18 11:50:43","","97-107","","2","7","","","","","","","","","","","","","","","","","","","","","Laser radar; Laser modes; Accuracy; Visualization; error state Kalman filter; Lightweight and Ground-Optimized Lidar Odometry and Mapping on Variable Terrain (LEGO-LOAM); Machine vision; monocular vision system; odometer; Odometers; Urban areas","","","","","","","","","","","","","","","","","","","","","","","","","","","","","","","","","","","","","","","","","","","","","","",""
"S2332JRT","journalArticle","2024","Hansen, Tim; Belenis, Bogdan; Firvida, Miguel Bande; Creutz, Tom; Birk, Andreas","Scanning Sonar Data From an Underwater Robot With Ground Truth Localization","IEEE Access","","","10.1109/ACCESS.2024.3420766","","","2024","2024-12-18 11:50:43","2024-12-18 11:50:43","","129202-129211","","","12","","","","","","","","","","","","","","","","","","","","","Location awareness; Global navigation satellite system; Sensors; Autonomous underwater vehicles; ground truth data; Marine robotics; Marine robots; mechanical scanning imaging sonar; mechanical scanning sonar; navigation; optical tracking; Simultaneous localization and mapping; simultaneous localization and mapping (SLAM); Sonar; Sonar navigation","","","","","","","","","","","","","","","","","","","","","","","","","","","","","","","","","","","","","","","","","","","","","","",""
"LBXYFMCT","journalArticle","2024","Zhou, Pan; Wang, Hao; Gravina, Raffaele; Sun, Fangmin","WIO-EKF: Extended Kalman Filtering-Based Wi-Fi and Inertial Odometry Fusion Method for Indoor Localization","IEEE Internet of Things Journal","","","10.1109/JIOT.2024.3386889","","","2024","2024-12-18 11:50:43","2024-12-18 11:50:43","","23592-23603","","13","11","","","","","","","","","","","","","","","","","","","","","Location awareness; Odometry; Deep learning; Fingerprint recognition; Wireless fidelity; Convolutional neural networks; extended Kalman filter (EKF); indoor localization; inertial measurement unit (IMU); Smart phones; Wi-Fi fingerprinting","","","","","","","","","","","","","","","","","","","","","","","","","","","","","","","","","","","","","","","","","","","","","","",""
"P2MBVG7R","journalArticle","2024","Lin, Jiazhen; Su, Zhong; Zhao, Hui; Zhao, Yuxin; Wang, Xinkai; Zhou, Hao","Combined Localization Method for Multimodal Wheel-Track Robots in Sheltered Space","IEEE Access","","","10.1109/ACCESS.2024.3364068","","","2024","2024-12-18 11:50:43","2024-12-18 11:50:43","","47271-47282","","","12","","","","","","","","","","","","","","","","","","","","","Location awareness; Odometry; Odometers; Wheels; Mobile robots; Inertial navigation; inertial navigation system/odometry (INS/OD); multi-modal motion; NHC; Sheltered spaces; tracked-wheel robots; Tracking","","","","","","","","","","","","","","","","","","","","","","","","","","","","","","","","","","","","","","","","","","","","","","",""
"G8LQ372T","journalArticle","2023","Shan, Xiaoyu; Cabani, Adnane; Chafouk, Houcine","A Survey of Vehicle Localization: Performance Analysis and Challenges","IEEE Access","","","10.1109/ACCESS.2023.3318885","","","2023","2024-12-18 11:50:44","2024-12-18 11:50:44","","107085-107107","","","11","","","","","","","","","","","","","","","","","","","","","Laser radar; Location awareness; Real-time systems; Sensors; cooperative localization; Sensor systems; localization; Active sensor-based self-localization; data fusion; Intelligent sensors; ITS; multi-sensors based vehicle localization; passive sensor-based self-localizaion; Standards; V2X based cooperative localization","","","","","","","","","","","","","","","","","","","","","","","","","","","","","","","","","","","","","","","","","","","","","","",""
"AM3FZNT9","journalArticle","2023","Zheng, Yi; Xie, Yaqin; Li, Jiamin","Multi-UAV Collaboration and IMU Fusion Localization Method in Partial GNSS-Denied Scenarios","IEEE Access","","","10.1109/ACCESS.2023.3315870","","","2023","2024-12-18 11:50:44","2024-12-18 11:50:44","","105499-105512","","","11","","","","","","","","","","","","","","","","","","","","","Location awareness; fusion localization; Distance measurement; inertial measurement unit (IMU); Base stations; Kalman filters; Autonomous aerial vehicles; Collaboration; Clustering algorithms; Density peaks clustering (DPC); unmanned aerial vehicle (UAV); unscented Kalman filter (UKF)","","","","","","","","","","","","","","","","","","","","","","","","","","","","","","","","","","","","","","","","","","","","","","",""
"S5F259H2","journalArticle","2023","Zhao, Lebin; Chen, Tao; Yuan, Peipei; Tang, Zhaoguo; Wang, Jie","A Novel Vehicle Localization Method Based on Adaptive Singular Spectrum Analysis Using Low-Cost INS/GNSS","IEEE Access","","","10.1109/ACCESS.2023.3305920","","","2023","2024-12-18 11:50:44","2024-12-18 11:50:44","","88670-88685","","","11","","","","","","","","","","","","","","","","","","","","","Real-time systems; Global navigation satellite system; Kalman filters; localization; Inertial navigation; Error-state Kalman filter; Filtering; global navigation satellite system; inertial navigation system; Jacobian matrices; low-cost sensors; real-time; singular spectrum analysis; Spectral analysis","","","","","","","","","","","","","","","","","","","","","","","","","","","","","","","","","","","","","","","","","","","","","","",""
"UNMGW6XN","journalArticle","2023","Lin, Chenxiang; Shin, Yoan","Multi-Floor Indoor Localization Scheme Using a Seq2Seq-Based Floor Detection and Particle Filter With Clustering","IEEE Access","","","10.1109/ACCESS.2023.3290167","","","2023","2024-12-18 11:50:44","2024-12-18 11:50:44","","66094-66112","","","11","","","","","","","","","","","","","","","","","","","","","Floors; Location awareness; Particle filters; Sensors; Deep learning; Feature extraction; particle filter; Smart phones; inertial measurement unit; Inertial navigation; Atmospheric measurements; barometer; Barometers; clustering; Clustering methods; deep learning; floor transition; indoor; multi-floor localization; Particle measurements; Seq2Seq; Smartphone","","","","","","","","","","","","","","","","","","","","","","","","","","","","","","","","","","","","","","","","","","","","","","",""
"CJP7PRIE","journalArticle","2023","Kim, Chul-Hong; Cho, Dong-Il","DNN-Based Slip Ratio Estimator for Lugged-Wheel Robot Localization in Rough Deformable Terrains","IEEE Access","","","10.1109/ACCESS.2023.3280472","","","2023","2024-12-18 11:50:44","2024-12-18 11:50:44","","53468-53484","","","11","","","","","","","","","","","","","","","","","","","","","Location awareness; Robots; Deep learning; Robot kinematics; Wheels; Mobile robots; Mathematical models; localization; encoder; inertial sensor; Inertial sensors; slip ratio","","","","","","","","","","","","","","","","","","","","","","","","","","","","","","","","","","","","","","","","","","","","","","",""
"YL7U7G98","journalArticle","2023","Bach, Sy-Hung; Khoi, Phan-Bui; Yi, Soo-Yeong","Application of QR Code for Localization and Navigation of Indoor Mobile Robot","IEEE Access","","","10.1109/ACCESS.2023.3250253","","","2023","2024-12-18 11:50:44","2024-12-18 11:50:44","","28384-28390","","","11","","","","","","","","","","","","","","","","","","","","","Cameras; Localization; Location awareness; Sensors; Robot vision systems; Mobile robots; artificial landmark; autonomous mobile robot; Autonomous vehicles; extended kalman filter; QR code; QR codes","","","","","","","","","","","","","","","","","","","","","","","","","","","","","","","","","","","","","","","","","","","","","","",""
"SPEPX5MM","journalArticle","2023","Marinoni, Mauro; Amato, Pierluigi; Franco, Carmelo Di; Sabina, Salvatore; Buttazzo, Giorgio","A Novel Approach for Reducing Train Localization Errors by Inertial Measurements","IEEE Access","","","10.1109/ACCESS.2023.3236784","","","2023","2024-12-18 11:50:44","2024-12-18 11:50:44","","5281-5295","","","11","","","","","","","","","","","","","","","","","","","","","Location awareness; Odometry; Global navigation satellite system; Sensors; Feature extraction; inertial navigation; map matching; curvature reconstruction; Rail transportation; railway odometry; Train localisation","","","","","","","","","","","","","","","","","","","","","","","","","","","","","","","","","","","","","","","","","","","","","","",""
"IH8GL89B","journalArticle","2023","Romanelli, Fabrizio; Martinelli, Francesco; Giampaolo, Emidio Di","Robust Simultaneous Localization and Mapping Using Range and Bearing Estimation of Radio Ultra High Frequency Identification Tags","IEEE Transactions on Control Systems Technology","","","10.1109/TCST.2022.3204386","","","2023","2024-12-18 11:50:44","2024-12-18 11:50:44","","772-785","","2","31","","","","","","","","","","","","","","","","","","","","","Location awareness; Robots; Simultaneous localization and mapping; simultaneous localization and mapping (SLAM); Position measurement; Frequency measurement; High frequency; Phase measurement; radio frequency identification (RFID) localization; Resilient sensor fusion; robust Kalman filtering; ultra high frequency - radio frequency identification (UHF-RFID)","","","","","","","","","","","","","","","","","","","","","","","","","","","","","","","","","","","","","","","","","","","","","","",""
"M4QLM6UI","journalArticle","2022","Kammel, Christoph; Kögel, Tobias; Gareis, Matthias; Vossiek, Martin","A Cost-Efficient Hybrid UHF RFID and Odometry-Based Mobile Robot Self-Localization Technique With Centimeter Precision","IEEE Journal of Radio Frequency Identification","","","10.1109/JRFID.2022.3186852","","","2022","2024-12-18 11:50:44","2024-12-18 11:50:44","","467-480","","","6","","","","","","","","","","","","","","","","","","","","","Location awareness; Robot sensing systems; Trajectory; Mobile robots; Kalman filters; Internet of Things; Autonomous robot; Autonomous systems; Fourth Industrial Revolution; global localization; indoor positioning; Industry 4.0; iterative unscented Kalman filter; MIMO; multihypothesis Kalman filtering; phase-based localization; radio frequency identification; Radiofrequency identification; RFID robot; self-localization; Service robots; synthetic aperture; UHF RFID","","","","","","","","","","","","","","","","","","","","","","","","","","","","","","","","","","","","","","","","","","","","","","",""
"UI3K3EXR","journalArticle","2022","Park, Jisung; Kim, Jinwhan","Robust Underwater Localization Using Acoustic Image Alignment for Autonomous Intervention Systems","IEEE Access","","","10.1109/ACCESS.2022.3179430","","","2022","2024-12-18 11:50:44","2024-12-18 11:50:44","","58447-58457","","","10","","","","","","","","","","","","","","","","","","","","","Location awareness; Sensors; Sonar; Sonar navigation; Sensor systems; Acoustic imaging; acoustic imaging sonar; Acoustics; Autonomous intervention system; underwater localization","","","","","","","","","","","","","","","","","","","","","","","","","","","","","","","","","","","","","","","","","","","","","","",""
"NPVIWH9X","journalArticle","2021","Ali, Rashid; Liu, Ran; Nayyar, Anand; Qureshi, Basit; Cao, Zhiqiang","Tightly Coupling Fusion of UWB Ranging and IMU Pedestrian Dead Reckoning for Indoor Localization","IEEE Access","","","10.1109/ACCESS.2021.3132645","","","2021","2024-12-18 11:50:44","2024-12-18 11:50:44","","164206-164222","","","9","","","","","","","","","","","","","","","","","","","","","Navigation; Wireless communication; Estimation; Distance measurement; Kalman filters; Couplings; Data integration; EKF; Foot-mounted IMU; indoor navigation; pedestrian; tightly coupling; UWB","","","","","","","","","","","","","","","","","","","","","","","","","","","","","","","","","","","","","","","","","","","","","","",""
"NW8U7Q74","journalArticle","2021","Aitken, Jonathan M.; Evans, Mathew H.; Worley, Rob; Edwards, Sarah; Zhang, Rui; Dodd, Tony; Mihaylova, Lyudmila; Anderson, Sean R.","Simultaneous Localization and Mapping for Inspection Robots in Water and Sewer Pipe Networks: A Review","IEEE Access","","","10.1109/ACCESS.2021.3115981","","","2021","2024-12-18 11:50:44","2024-12-18 11:50:44","","140173-140198","","","9","","","","","","","","","","","","","","","","","","","","","Location awareness; Robots; Sensors; Simultaneous localization and mapping; data fusion; Service robots; Bayesian estimation; Inspection; laser and lidar scanning; network; pipe networks; robots; sewer; SLAM; visual odometry; Water; Water resources","","","","","","","","","","","","","","","","","","","","","","","","","","","","","","","","","","","","","","","","","","","","","","",""
"T8QYNA9B","journalArticle","2021","Guan, Weipeng; Huang, Linyi; Wen, Shangsheng; Yan, Zihong; Liang, Wanlin; Yang, Chen; Liu, Ziyu","Robot Localization and Navigation Using Visible Light Positioning and SLAM Fusion","Journal of Lightwave Technology","","","10.1109/JLT.2021.3113358","","","2021","2024-12-18 11:50:44","2024-12-18 11:50:44","","7040-7051","","22","39","","","","","","","","","","","","","","","","","","","","","Laser radar; Location awareness; Navigation; Robots; Sensors; Simultaneous localization and mapping; indoor positioning; High accuracy; LiDAR-SLAM; Light emitting diodes; multi sensors fusion; robotics; visible light positioning (VLP)","","","","","","","","","","","","","","","","","","","","","","","","","","","","","","","","","","","","","","","","","","","","","","",""
"W54VBNEB","journalArticle","2021","Sadeghzadeh-Nokhodberiz, Nargess; Can, Aydin; Stolkin, Rustam; Montazeri, Allahyar","Dynamics-Based Modified Fast Simultaneous Localization and Mapping for Unmanned Aerial Vehicles With Joint Inertial Sensor Bias and Drift Estimation","IEEE Access","","","10.1109/ACCESS.2021.3106864","","","2021","2024-12-18 11:50:44","2024-12-18 11:50:44","","120247-120260","","","9","","","","","","","","","","","","","","","","","","","","","Cameras; Robots; Solid modeling; Simultaneous localization and mapping; simultaneous localization and mapping (SLAM); Kinematics; Atmospheric measurements; Particle measurements; FastSLAM; inertial sensors; Rao Blackwellized particle filtering (RBPF); robot operating system (ROS); sensor calibration; Unmanned aerial vehicle (UAV)","","","","","","","","","","","","","","","","","","","","","","","","","","","","","","","","","","","","","","","","","","","","","","",""
"IXTNANAQ","journalArticle","2021","Alkendi, Yusra; Seneviratne, Lakmal; Zweiri, Yahya","State of the Art in Vision-Based Localization Techniques for Autonomous Navigation Systems","IEEE Access","","","10.1109/ACCESS.2021.3082778","","","2021","2024-12-18 11:50:44","2024-12-18 11:50:44","","76847-76874","","","9","","","","","","","","","","","","","","","","","","","","","Cameras; Location awareness; Navigation; Robots; Global Positioning System; Visualization; Simultaneous localization and mapping; self-localization; visual odometry; Ego-motion estimation; GNSS-denied; VIO; visual inertial odometry; VO","","","","","","","","","","","","","","","","","","","","","","","","","","","","","","","","","","","","","","","","","","","","","","",""
"MYT4JXWG","journalArticle","2021","Vemprala, Sai H.; Saripalli, Srikanth","Collaborative Localization for Micro Aerial Vehicles","IEEE Access","","","10.1109/ACCESS.2021.3074537","","","2021","2024-12-18 11:50:44","2024-12-18 11:50:44","","63043-63058","","","9","","","","","","","","","","","","","","","","","","","","","Cameras; Location awareness; Visualization; Simultaneous localization and mapping; localization; Collaboration; computer vision; multi-robot systems; Pose estimation; Task analysis; Unmanned aerial vehicles","","","","","","","","","","","","","","","","","","","","","","","","","","","","","","","","","","","","","","","","","","","","","","",""
"DCIM9TFT","journalArticle","2021","Subedi, Santosh; Kim, Dae-Ho; Kim, Beom-Hun; Pyun, Jae-Young","Improved Smartphone-Based Indoor Localization System Using Lightweight Fingerprinting and Inertial Sensors","IEEE Access","","","10.1109/ACCESS.2021.3070837","","","2021","2024-12-18 11:50:44","2024-12-18 11:50:44","","53343-53357","","","9","","","","","","","","","","","","","","","","","","","","","Location awareness; Wireless fidelity; Estimation; inertial sensors; Adaptive EKF; Bluetooth low energy (BLE); Computational complexity; data clustering; fingerprinting localization; IP networks; Radio frequency; received signal strength (RSS); spearman’s foot-rule; Support vector machines","","","","","","","","","","","","","","","","","","","","","","","","","","","","","","","","","","","","","","","","","","","","","","",""
"4CE5YXIM","journalArticle","2021","Long, Keliu; Shen, Chong; Tian, Chuan; Zhang, Kun; Bhatti, Uzair Aslam; Kong, Darryl Franck Nsalo; Feng, Shuo; Cheng, Hesen","Single UWB Anchor Aided PDR Heading and Step Length Correcting Indoor Localization System","IEEE Access","","","10.1109/ACCESS.2021.3050405","","","2021","2024-12-18 11:50:44","2024-12-18 11:50:44","","11511-11522","","","9","","","","","","","","","","","","","","","","","","","","","Location awareness; Estimation; Distance measurement; Legged locomotion; indoor localization; Kalman filters; Filtering algorithms; fusion strategy; Gyroscopes; Pedestrian dead reckon; ultra-wide band","","","","","","","","","","","","","","","","","","","","","","","","","","","","","","","","","","","","","","","","","","","","","","",""
"24TRY8KC","journalArticle","2021","Yusefi, Abdullah; Durdu, Akif; Aslan, Muhammet Fatih; Sungur, Cemil","LSTM and Filter Based Comparison Analysis for Indoor Global Localization in UAVs","IEEE Access","","","10.1109/ACCESS.2021.3049896","","","2021","2024-12-18 11:50:44","2024-12-18 11:50:44","","10054-10069","","","9","","","","","","","","","","","","","","","","","","","","","Cameras; Location awareness; Feature extraction; Robot vision systems; Visualization; Simultaneous localization and mapping; VIO; Pose estimation; bi-directional LSTM; Global localization; pose estimation; recurrent convolutional neural networks","","","","","","","","","","","","","","","","","","","","","","","","","","","","","","","","","","","","","","","","","","","","","","",""
"M6HPGGTX","journalArticle","2020","Yoshimura, Ryota; Maruta, Ichiro; Fujimoto, Kenji; Sato, Ken; Kobayashi, Yusuke","Highlighted Map for Mobile Robot Localization and Its Generation Based on Reinforcement Learning","IEEE Access","","","10.1109/ACCESS.2020.3035725","","","2020","2024-12-18 11:50:44","2024-12-18 11:50:44","","201527-201544","","","8","","","","","","","","","","","","","","","","","","","","","Robot sensing systems; Robot kinematics; particle filters; Mobile robots; Noise measurement; Highlighted map; mobile robots; Monte Carlo localization; reinforcement learning; Reinforcement learning; Sensor phenomena and characterization; Shape","","","","","","","","","","","","","","","","","","","","","","","","","","","","","","","","","","","","","","","","","","","","","","",""
"SWCBNBEB","journalArticle","2020","Du, Canyang; Peng, Bao; Zhang, Zhaobo; Xue, Weicheng; Guan, Mingxiang","KF-KNN: Low-Cost and High-Accurate FM-Based Indoor Localization Model via Fingerprint Technology","IEEE Access","","","10.1109/ACCESS.2020.3031089","","","2020","2024-12-18 11:50:44","2024-12-18 11:50:44","","197523-197531","","","8","","","","","","","","","","","","","","","","","","","","","Fingerprint recognition; Personnel; localization; Prediction algorithms; Databases; Fingerprint; Frequency modulation; Kalman filter model; KNN; Received signal strength indicator; Training","","","","","","","","","","","","","","","","","","","","","","","","","","","","","","","","","","","","","","","","","","","","","","",""
"2AENWBBF","journalArticle","2020","Lee, Sangjae; Chae, Seungwoo; Han, Dongsoo","ILoA: Indoor Localization Using Augmented Vector of Geomagnetic Field","IEEE Access","","","10.1109/ACCESS.2020.3029281","","","2020","2024-12-18 11:50:44","2024-12-18 11:50:44","","184242-184255","","","8","","","","","","","","","","","","","","","","","","","","","Robot sensing systems; particle filter; Estimation; Calibration; indoor positioning; Accelerometers; Heading estimation; magnetic field anomaly; Magnetic resonance imaging; Magnetometers; pedestrian dead reckoning; Wireless LAN","","","","","","","","","","","","","","","","","","","","","","","","","","","","","","","","","","","","","","","","","","","","","","",""
"5Z9NXXT4","journalArticle","2020","Nguyen, Dinh-Van; Dao, Trung-Kien; Castelli, Eric; Nashashibi, Fawzi","A Fusion Method for Localization of Intelligent Vehicles in Carparks","IEEE Access","","","10.1109/ACCESS.2020.2995865","","","2020","2024-12-18 11:50:44","2024-12-18 11:50:44","","99729-99739","","","8","","","","","","","","","","","","","","","","","","","","","Fingerprint recognition; Wireless fidelity; Global Positioning System; Simultaneous localization and mapping; localization; Intelligent sensors; Autonomous vehicle; fusion; Gaussian mixture; GPS-denied environment; hbox fingerprinting; intelligent vehicles; Intelligent vehicles","","","","","","","","","","","","","","","","","","","","","","","","","","","","","","","","","","","","","","","","","","","","","","",""
"HS43SYS9","journalArticle","2020","You, Weide; Li, Fanbiao; Liao, Liqing; Huang, Meili","Data Fusion of UWB and IMU Based on Unscented Kalman Filter for Indoor Localization of Quadrotor UAV","IEEE Access","","","10.1109/ACCESS.2020.2985053","","","2020","2024-12-18 11:50:44","2024-12-18 11:50:44","","64971-64981","","","8","","","","","","","","","","","","","","","","","","","","","Laser radar; Estimation; Simultaneous localization and mapping; indoor localization; inertial measurement unit (IMU); Base stations; Kalman filters; data fusion; Data integration; Unmanned aerial vehicles; quadrotor UAV; Ultra wide band (UWB)","","","","","","","","","","","","","","","","","","","","","","","","","","","","","","","","","","","","","","","","","","","","","","",""
"GNW2XVXQ","journalArticle","2019","Guo, Guangyi; Chen, Ruizhi; Ye, Feng; Peng, Xuesheng; Liu, Zuoya; Pan, Yuanjin","Indoor Smartphone Localization: A Hybrid WiFi RTT-RSS Ranging Approach","IEEE Access","","","10.1109/ACCESS.2019.2957753","","","2019","2024-12-18 11:50:45","2024-12-18 11:50:45","","176767-176781","","","7","","","","","","","","","","","","","","","","","","","","","Fingerprint recognition; Indoor localization; Wireless fidelity; Clocks; Distance measurement; Kalman filter; received signal strength (RSS); Indoor environments; Protocols; round trip time (RTT); smartphone; WiFi fine time measurement (FTMs)","","","","","","","","","","","","","","","","","","","","","","","","","","","","","","","","","","","","","","","","","","","","","","",""
"BWZDAG67","journalArticle","2019","Zhao, Jiaheng; Huang, Shoudong; Zhao, Liang; Chen, Yongbo; Luo, Xiao","Conic Feature Based Simultaneous Localization and Mapping in Open Environment via 2D Lidar","IEEE Access","","","10.1109/ACCESS.2019.2956563","","","2019","2024-12-18 11:50:45","2024-12-18 11:50:45","","173703-173718","","","7","","","","","","","","","","","","","","","","","","","","","Laser radar; Robot kinematics; Simultaneous localization and mapping; 2D lidar; Conic equation; Mathematical model; open environment; Two dimensional displays","","","","","","","","","","","","","","","","","","","","","","","","","","","","","","","","","","","","","","","","","","","","","","",""
"89R7GFRZ","journalArticle","2019","Xin, Cheng; Jingmei, Zhou; Xiangmo, Zhao; Hongfei, Wang; Hui, Chang","Vehicle Ego-Localization Based on the Fusion of Optical Flow and Feature Points Matching","IEEE Access","","","10.1109/ACCESS.2019.2954341","","","2019","2024-12-18 11:50:45","2024-12-18 11:50:45","","167310-167319","","","7","","","","","","","","","","","","","","","","","","","","","Real-time systems; Feature extraction; Kalman filter; Adaptive optics; Heuristic algorithms; image matching; optical flow; Optical imaging; Optical sensors; optimized FAST; Vehicle dynamics; Vehicle ego-localization","","","","","","","","","","","","","","","","","","","","","","","","","","","","","","","","","","","","","","","","","","","","","","",""
"TPAMCXKK","journalArticle","2019","Yin, Xiliang; Ma, Lin; Tan, Xuezhi; Qin, Danyang","A SOCP-Based Automatic Visual Fingerprinting Method for Indoor Localization System","IEEE Access","","","10.1109/ACCESS.2019.2920754","","","2019","2024-12-18 11:50:45","2024-12-18 11:50:45","","72862-72871","","","7","","","","","","","","","","","","","","","","","","","","","Cameras; Three-dimensional displays; Estimation; Visualization; indoor localization; Databases; AVF; Convex functions; image-based localization; motion model; SOCP; Visual odometry","","","","","","","","","","","","","","","","","","","","","","","","","","","","","","","","","","","","","","","","","","","","","","",""
"N6S2ZMSW","journalArticle","2019","Shi, Qin; Zhao, Sihao; Cui, Xiaowei; Lu, Mingquan; Jia, Mengdi","Anchor self-localization algorithm based on UWB ranging and inertial measurements","Tsinghua Science and Technology","","","10.26599/TST.2018.9010102","","","2019","2024-12-18 11:50:45","2024-12-18 11:50:45","","728-737","","6","24","","","","","","","","","","","","","","","","","","","","","sensor fusion; Estimation; Simultaneous localization and mapping; Distance measurement; Position measurement; Gyroscopes; Mathematical model; Acceleration; anchor self-localization; error-state Kalman filter; simultaneous localization and mapping","","","","","","","","","","","","","","","","","","","","","","","","","","","","","","","","","","","","","","","","","","","","","","",""
"4QYLP7AI","journalArticle","2019","Konings, Daniel; Alam, Fakhrul; Noble, Frazer; Lai, Edmund M-K.","SpringLoc: A Device-Free Localization Technique for Indoor Positioning and Tracking Using Adaptive RSSI Spring Relaxation","IEEE Access","","","10.1109/ACCESS.2019.2913910","","","2019","2024-12-18 11:50:45","2024-12-18 11:50:45","","56960-56973","","","7","","","","","","","","","","","","","","","","","","","","","Particle filters; Fingerprint recognition; Calibration; Device-free localization (DFL); histogram distance; Histograms; indoor positioning systems (IPS); smart homes; Smart homes; spring-relaxation; Springs","","","","","","","","","","","","","","","","","","","","","","","","","","","","","","","","","","","","","","","","","","","","","","",""
"KH93JXZD","journalArticle","2019","Choi, Eunseok; Chang, Sekchin","An Adaptive Tracking Estimator for Robust Vehicular Localization in Shadowing Areas","IEEE Access","","","10.1109/ACCESS.2019.2907647","","","2019","2024-12-18 11:50:45","2024-12-18 11:50:45","","42436-42444","","","7","","","","","","","","","","","","","","","","","","","","","Estimation; Global Positioning System; Kalman filters; Magnetometers; Adaptive tracking estimator; extended Kalman filter; GPS; IMU; OBD-II; Predictive models; Quaternions; Shadow mapping; shadowing; vehicular attitude; vehicular localization","","","","","","","","","","","","","","","","","","","","","","","","","","","","","","","","","","","","","","","","","","","","","","",""
"J9L7SICX","journalArticle","2019","Xu, Cheng; He, Jie; Li, Yuanyuan; Zhang, Xiaotong; Zhou, Xinghang; Duan, Shihong","Optimal Estimation and Fundamental Limits for Target Localization Using IMU/TOA Fusion Method","IEEE Access","","","10.1109/ACCESS.2019.2902127","","","2019","2024-12-18 11:50:45","2024-12-18 11:50:45","","28124-28136","","","7","","","","","","","","","","","","","","","","","","","","","Wireless sensor networks; Global Positioning System; Optimization; Cramér-Rao lower bound (CRLB); Inertial measurement unit (IMU); Linear programming; Maximum likelihood estimation; optimization; posterior Cramér-Rao lower bound (PCRLB); target tracking; Target tracking; time of arrival (TOA)","","","","","","","","","","","","","","","","","","","","","","","","","","","","","","","","","","","","","","","","","","","","","","",""
"LQZD2NCA","journalArticle","2019","Hehn, Markus; Sippel, Erik; Carlowitz, Christian; Vossiek, Martin","High-Accuracy Localization and Calibration for 5-DoF Indoor Magnetic Positioning Systems","IEEE Transactions on Instrumentation and Measurement","","","10.1109/TIM.2018.2884040","","","2019","2024-12-18 11:50:45","2024-12-18 11:50:45","","4135-4145","","10","68","","","","","","","","","","","","","","","","","","","","","Robot sensing systems; Calibration; localization; Couplings; indoor navigation; Coils; field sensor; Magnetic domains; magnetic fields; magnetic local positioning; Magnetic resonance; Magnetoacoustic effects","","","","","","","","","","","","","","","","","","","","","","","","","","","","","","","","","","","","","","","","","","","","","","",""
"WGRJLMZ3","journalArticle","2018","Alvarado Vasquez, Biel Piero E.; Gonzalez, Ruben; Matia, Fernando; De La Puente, Paloma","Sensor Fusion for Tour-Guide Robot Localization","IEEE Access","","","10.1109/ACCESS.2018.2885648","","","2018","2024-12-18 11:50:45","2024-12-18 11:50:45","","78947-78964","","","6","","","","","","","","","","","","","","","","","","","","","Cameras; sensor fusion; Sensor fusion; visual localization; Simultaneous localization and mapping; indoor localization; Kalman filters; Radiofrequency identification; extended Kalman filter; laser localization; RFID localization; social robotics; State estimation","","","","","","","","","","","","","","","","","","","","","","","","","","","","","","","","","","","","","","","","","","","","","","",""
"FSUWCW27","journalArticle","2016","Üney, Murat; Mulgrew, Bernard; Clark, Daniel E.","A Cooperative Approach to Sensor Localisation in Distributed Fusion Networks","IEEE Transactions on Signal Processing","","","10.1109/TSP.2015.2493981","","","2016","2024-12-18 11:50:45","2024-12-18 11:50:45","","1187-1199","","5","64","","","","","","","","","","","","","","","","","","","","","Computational modeling; Calibration; Approximation methods; Cooperative localization; Current measurement; dynamical Markov random fields; graphical models; History; Licenses; Monte Carlo algorithms; multi-target tracking; sensor networks; Signal processing algorithms; simultaneous localization and tracking","","","","","","","","","","","","","","","","","","","","","","","","","","","","","","","","","","","","","","","","","","","","","","",""